<ImportExportXml version="6.0.0002.0051" SolutionPackageVersion="6.0" languagecode="1033" generatedBy="OnPremise" xmlns:xsi="http://www.w3.org/2001/XMLSchema-instance">
  <SolutionManifest>
    <UniqueName>DynamicCalendar</UniqueName>
    <LocalizedNames>
      <LocalizedName description="Dynamic Calendar" languagecode="1033" />
    </LocalizedNames>
    <Descriptions>
      <Description description="Dynamic Calendar provides a calendar style view of any record type within CRM.  It allows users to easily configure calendar views, share them with other users and teams, layer multiple view and more." languagecode="1033" />
    </Descriptions>
    <Version>0.7.2</Version>
    <Managed>1</Managed>
    <ConfigurationPage>guru_/DynamicCalendar/configuration.html</ConfigurationPage>
    <Publisher>
      <UniqueName>mscrmguru</UniqueName>
      <LocalizedNames>
        <LocalizedName description="MSCRM Guru" languagecode="1033" />
      </LocalizedNames>
      <Descriptions />
      <EMailAddress xsi:nil="true"></EMailAddress>
      <SupportingWebsiteUrl xsi:nil="true"></SupportingWebsiteUrl>
      <CustomizationPrefix>guru</CustomizationPrefix>
      <CustomizationOptionValuePrefix>77017</CustomizationOptionValuePrefix>
      <Addresses>
        <Address>
          <AddressNumber>1</AddressNumber>
          <AddressTypeCode>1</AddressTypeCode>
          <City xsi:nil="true"></City>
          <County xsi:nil="true"></County>
          <Country xsi:nil="true"></Country>
          <Fax xsi:nil="true"></Fax>
          <FreightTermsCode xsi:nil="true"></FreightTermsCode>
          <ImportSequenceNumber xsi:nil="true"></ImportSequenceNumber>
          <Latitude xsi:nil="true"></Latitude>
          <Line1 xsi:nil="true"></Line1>
          <Line2 xsi:nil="true"></Line2>
          <Line3 xsi:nil="true"></Line3>
          <Longitude xsi:nil="true"></Longitude>
          <Name xsi:nil="true"></Name>
          <PostalCode xsi:nil="true"></PostalCode>
          <PostOfficeBox xsi:nil="true"></PostOfficeBox>
          <PrimaryContactName xsi:nil="true"></PrimaryContactName>
          <ShippingMethodCode>1</ShippingMethodCode>
          <StateOrProvince xsi:nil="true"></StateOrProvince>
          <Telephone1 xsi:nil="true"></Telephone1>
          <Telephone2 xsi:nil="true"></Telephone2>
          <Telephone3 xsi:nil="true"></Telephone3>
          <TimeZoneRuleVersionNumber xsi:nil="true"></TimeZoneRuleVersionNumber>
          <UPSZone xsi:nil="true"></UPSZone>
          <UTCOffset xsi:nil="true"></UTCOffset>
          <UTCConversionTimeZoneCode xsi:nil="true"></UTCConversionTimeZoneCode>
        </Address>
        <Address>
          <AddressNumber>2</AddressNumber>
          <AddressTypeCode>1</AddressTypeCode>
          <City xsi:nil="true"></City>
          <County xsi:nil="true"></County>
          <Country xsi:nil="true"></Country>
          <Fax xsi:nil="true"></Fax>
          <FreightTermsCode xsi:nil="true"></FreightTermsCode>
          <ImportSequenceNumber xsi:nil="true"></ImportSequenceNumber>
          <Latitude xsi:nil="true"></Latitude>
          <Line1 xsi:nil="true"></Line1>
          <Line2 xsi:nil="true"></Line2>
          <Line3 xsi:nil="true"></Line3>
          <Longitude xsi:nil="true"></Longitude>
          <Name xsi:nil="true"></Name>
          <PostalCode xsi:nil="true"></PostalCode>
          <PostOfficeBox xsi:nil="true"></PostOfficeBox>
          <PrimaryContactName xsi:nil="true"></PrimaryContactName>
          <ShippingMethodCode>1</ShippingMethodCode>
          <StateOrProvince xsi:nil="true"></StateOrProvince>
          <Telephone1 xsi:nil="true"></Telephone1>
          <Telephone2 xsi:nil="true"></Telephone2>
          <Telephone3 xsi:nil="true"></Telephone3>
          <TimeZoneRuleVersionNumber xsi:nil="true"></TimeZoneRuleVersionNumber>
          <UPSZone xsi:nil="true"></UPSZone>
          <UTCOffset xsi:nil="true"></UTCOffset>
          <UTCConversionTimeZoneCode xsi:nil="true"></UTCConversionTimeZoneCode>
        </Address>
      </Addresses>
    </Publisher>
    <RootComponents>
      <RootComponent type="1" schemaName="guru_calendarsetting" />
      <RootComponent type="1" schemaName="guru_calendarview" />
      <RootComponent type="61" schemaName="guru_/DynamicCalendar/calendar.view.colors.html" />
      <RootComponent type="61" schemaName="guru_/DynamicCalendar/calendar.view.fields.html" />
      <RootComponent type="61" schemaName="guru_/DynamicCalendar/configuration.html" />
      <RootComponent type="61" schemaName="guru_/DynamicCalendar/css/crmforms.css" />
      <RootComponent type="61" schemaName="guru_/DynamicCalendar/css/dynamiccalendar.css" />
      <RootComponent type="61" schemaName="guru_/DynamicCalendar/css/fullcalendar.css" />
      <RootComponent type="61" schemaName="guru_/DynamicCalendar/img/18_calendar.gif" />
      <RootComponent type="61" schemaName="guru_/DynamicCalendar/img/calendar_view_icon_16.png" />
      <RootComponent type="61" schemaName="guru_/DynamicCalendar/img/calendar_view_icon_32.png" />
      <RootComponent type="61" schemaName="guru_/DynamicCalendar/img/processing_loader.gif" />
      <RootComponent type="61" schemaName="guru_/DynamicCalendar/img/process_control_loading.gif" />
      <RootComponent type="61" schemaName="guru_/DynamicCalendar/js/calendar.view.colors.js" />
      <RootComponent type="61" schemaName="guru_/DynamicCalendar/js/calendar.view.fields.js" />
      <RootComponent type="61" schemaName="guru_/DynamicCalendar/js/Config.js" />
      <RootComponent type="61" schemaName="guru_/DynamicCalendar/js/ConfigPage.js" />
      <RootComponent type="61" schemaName="guru_/DynamicCalendar/js/DynamicCalendar.js" />
      <RootComponent type="61" schemaName="guru_/DynamicCalendar/js/Helpers.js" />
      <RootComponent type="61" schemaName="guru_/DynamicCalendar/js/lib/colorscheme.min.js" />
      <RootComponent type="61" schemaName="guru_/DynamicCalendar/js/lib/CrmFetchKit.js" />
      <RootComponent type="61" schemaName="guru_/DynamicCalendar/js/lib/fullcalendar.min.js" />
      <RootComponent type="61" schemaName="guru_/DynamicCalendar/js/lib/hs.png" />
      <RootComponent type="61" schemaName="guru_/DynamicCalendar/js/lib/jquery.min.js" />
      <RootComponent type="61" schemaName="guru_/DynamicCalendar/js/lib/jquery.ui.custom.min.js" />
      <RootComponent type="61" schemaName="guru_/DynamicCalendar/js/lib/jscolor.js" />
      <RootComponent type="61" schemaName="guru_/DynamicCalendar/js/lib/SDK.JQuery.js" />
      <RootComponent type="61" schemaName="guru_/DynamicCalendar/js/lib/SDK.MetaData.js" />
      <RootComponent type="61" schemaName="guru_/DynamicCalendar/js/lib/XrmServiceToolkit.js" />
      <RootComponent type="61" schemaName="guru_/DynamicCalendar/js/Privileges.js" />
      <RootComponent type="61" schemaName="guru_/DynamicCalendar/js/UserReg.js" />
      <RootComponent type="61" schemaName="guru_/DynamicCalendar/main.html" />
      <RootComponent type="62" />
    </RootComponents>
    <MissingDependencies />
  </SolutionManifest>
</ImportExportXml>