<ImportExportXml xmlns:xsi="http://www.w3.org/2001/XMLSchema-instance">
  <Entities></Entities>
  <Roles></Roles>
  <Workflows></Workflows>
  <FieldSecurityProfiles></FieldSecurityProfiles>
  <Templates />
  <EntityMaps />
  <EntityRelationships />
  <OrganizationSettings />
  <optionsets />
  <WebResources>
    <WebResource>
      <WebResourceId>{55ec3661-8bcf-e311-80c4-080027c969a6}</WebResourceId>
      <Name>guru_undo.js</Name>
      <DisplayName>Undo Logic</DisplayName>
      <Description>Adds the undo logic for forms.  Add a call to "Guru.Xrm.Undo.Init" to the form onload event and that's it!</Description>
      <WebResourceType>3</WebResourceType>
      <IntroducedVersion>0.1</IntroducedVersion>
      <IsCustomizable>1</IsCustomizable>
      <CanBeDeleted>1</CanBeDeleted>
      <IsHidden>0</IsHidden>
      <FileName>/WebResources/guru_undojs55EC3661-8BCF-E311-80C4-080027C969A6</FileName>
    </WebResource>
  </WebResources>
  <Languages>
    <Language>1033</Language>
  </Languages>
</ImportExportXml>